datacenter_AZ_SUS,datacenter_AZ_SUS,30

t=0  
j=0,s=0,d=0,null
j=0,s=0,d=1,33670000000000
j=0,s=1,d=0,104000000000
j=0,s=1,d=1,null

t=1  
j=0,s=0,d=0,null
j=0,s=0,d=1,499870000000000
j=0,s=1,d=0,104000000000
j=0,s=1,d=1,null

t=2  
j=0,s=0,d=0,null
j=0,s=0,d=1,1059370000000000
j=0,s=1,d=0,104000000000
j=0,s=1,d=1,null

t=3  
j=0,s=0,d=0,null
j=0,s=0,d=1,1644670000000000
j=0,s=1,d=0,104000000000
j=0,s=1,d=1,null

t=4  
j=0,s=0,d=0,null
j=0,s=0,d=1,2355970000000000
j=0,s=1,d=0,104000000000
j=0,s=1,d=1,null

t=5  
j=0,s=0,d=0,null
j=0,s=0,d=1,3324070000000000
j=0,s=1,d=0,104000000000
j=0,s=1,d=1,null

t=6  
j=0,s=0,d=0,null
j=0,s=0,d=1,4491070000000000
j=0,s=1,d=0,104000000000
j=0,s=1,d=1,null

t=7  
j=0,s=0,d=0,null
j=0,s=0,d=1,5892370000000000
j=0,s=1,d=0,104000000000
j=0,s=1,d=1,null

t=8  
j=0,s=0,d=0,null
j=0,s=0,d=1,7571770000000000
j=0,s=1,d=0,104000000000
j=0,s=1,d=1,null

t=9  
j=0,s=0,d=0,null
j=0,s=0,d=1,9909070000000000
j=0,s=1,d=0,104000000000
j=0,s=1,d=1,null

t=10  
j=0,s=0,d=0,null
j=0,s=0,d=1,12164470000000000
j=0,s=1,d=0,104000000000
j=0,s=1,d=1,null

t=11  
j=0,s=0,d=0,null
j=0,s=0,d=1,15114070000000000
j=0,s=1,d=0,104000000000
j=0,s=1,d=1,null

t=12  
j=0,s=0,d=0,null
j=0,s=0,d=1,18329770000000000
j=0,s=1,d=0,104000000000
j=0,s=1,d=1,null

t=13  
j=0,s=0,d=0,null
j=0,s=0,d=1,21993970000000000
j=0,s=1,d=0,104000000000
j=0,s=1,d=1,null

t=14  
j=0,s=0,d=0,null
j=0,s=0,d=1,26055070000000000
j=0,s=1,d=0,104000000000
j=0,s=1,d=1,null

t=15  
j=0,s=0,d=0,null
j=0,s=0,d=1,30460270000000000
j=0,s=1,d=0,104000000000
j=0,s=1,d=1,null

t=16  
j=0,s=0,d=0,null
j=0,s=0,d=1,35453770000000000
j=0,s=1,d=0,104000000000
j=0,s=1,d=1,null

t=17  
j=0,s=0,d=0,null
j=0,s=0,d=1,40081570000000000
j=0,s=1,d=0,104000000000
j=0,s=1,d=1,null

t=18  
j=0,s=0,d=0,null
j=0,s=0,d=1,45799270000000000
j=0,s=1,d=0,104000000000
j=0,s=1,d=1,null

t=19  
j=0,s=0,d=0,null
j=0,s=0,d=1,51051070000000000
j=0,s=1,d=0,104000000000
j=0,s=1,d=1,null

t=20  
j=0,s=0,d=0,null
j=0,s=0,d=1,57154570000000000
j=0,s=1,d=0,104000000000
j=0,s=1,d=1,null

t=21  
j=0,s=0,d=0,null
j=0,s=0,d=1,63105970000000000
j=0,s=1,d=0,104000000000
j=0,s=1,d=1,null

t=22  
j=0,s=0,d=0,null
j=0,s=0,d=1,69208270000000000
j=0,s=1,d=0,104000000000
j=0,s=1,d=1,null

t=23  
j=0,s=0,d=0,null
j=0,s=0,d=1,76319170000000000
j=0,s=1,d=0,104000000000
j=0,s=1,d=1,null

t=24  
j=0,s=0,d=0,null
j=0,s=0,d=1,83783770000000000
j=0,s=1,d=0,104000000000
j=0,s=1,d=1,null

t=25  
j=0,s=0,d=0,null
j=0,s=0,d=1,91724170000000000
j=0,s=1,d=0,104000000000
j=0,s=1,d=1,null

t=26  
j=0,s=0,d=0,null
j=0,s=0,d=1,100423870000000000
j=0,s=1,d=0,104000000000
j=0,s=1,d=1,null

t=27  
j=0,s=0,d=0,null
j=0,s=0,d=1,109059370000000000
j=0,s=1,d=0,104000000000
j=0,s=1,d=1,null

t=28  
j=0,s=0,d=0,null
j=0,s=0,d=1,117418870000000000
j=0,s=1,d=0,104000000000
j=0,s=1,d=1,null

t=29  
j=0,s=0,d=0,null
j=0,s=0,d=1,126061270000000000
j=0,s=1,d=0,104000000000
j=0,s=1,d=1,null

t=30  
j=0,s=0,d=0,null
j=0,s=0,d=1,134507170000000000
j=0,s=1,d=0,104000000000
j=0,s=1,d=1,null

t=31  
j=0,s=0,d=0,null
j=0,s=0,d=1,142138870000000000
j=0,s=1,d=0,104000000000
j=0,s=1,d=1,null

t=32  
j=0,s=0,d=0,null
j=0,s=0,d=1,150006970000000000
j=0,s=1,d=0,104000000000
j=0,s=1,d=1,null

t=33  
j=0,s=0,d=0,null
j=0,s=0,d=1,157333270000000000
j=0,s=1,d=0,104000000000
j=0,s=1,d=1,null

t=34  
j=0,s=0,d=0,null
j=0,s=0,d=1,164558770000000000
j=0,s=1,d=0,104000000000
j=0,s=1,d=1,null

t=35  
j=0,s=0,d=0,null
j=0,s=0,d=1,171872770000000000
j=0,s=1,d=0,104000000000
j=0,s=1,d=1,null

t=36  
j=0,s=0,d=0,null
j=0,s=0,d=1,179019070000000000
j=0,s=1,d=0,104000000000
j=0,s=1,d=1,null

t=37  
j=0,s=0,d=0,null
j=0,s=0,d=1,184972570000000000
j=0,s=1,d=0,104000000000
j=0,s=1,d=1,null

t=38  
j=0,s=0,d=0,null
j=0,s=0,d=1,190795870000000000
j=0,s=1,d=0,104000000000
j=0,s=1,d=1,null

t=39  
j=0,s=0,d=0,null
j=0,s=0,d=1,195912970000000000
j=0,s=1,d=0,104000000000
j=0,s=1,d=1,null

t=40  
j=0,s=0,d=0,null
j=0,s=0,d=1,200700370000000000
j=0,s=1,d=0,104000000000
j=0,s=1,d=1,null

t=41  
j=0,s=0,d=0,null
j=0,s=0,d=1,205273870000000000
j=0,s=1,d=0,104000000000
j=0,s=1,d=1,null

t=42  
j=0,s=0,d=0,null
j=0,s=0,d=1,209531770000000000
j=0,s=1,d=0,104000000000
j=0,s=1,d=1,null

t=43  
j=0,s=0,d=0,null
j=0,s=0,d=1,214524670000000000
j=0,s=1,d=0,104000000000
j=0,s=1,d=1,null

t=44  
j=0,s=0,d=0,null
j=0,s=0,d=1,218339770000000000
j=0,s=1,d=0,104000000000
j=0,s=1,d=1,null

t=45  
j=0,s=0,d=0,null
j=0,s=0,d=1,222164170000000000
j=0,s=1,d=0,104000000000
j=0,s=1,d=1,null

t=46  
j=0,s=0,d=0,null
j=0,s=0,d=1,225509770000000000
j=0,s=1,d=0,104000000000
j=0,s=1,d=1,null

t=47  
j=0,s=0,d=0,null
j=0,s=0,d=1,228730570000000000
j=0,s=1,d=0,104000000000
j=0,s=1,d=1,null

t=48  
j=0,s=0,d=0,null
j=0,s=0,d=1,231318670000000000
j=0,s=1,d=0,104000000000
j=0,s=1,d=1,null

t=49  
j=0,s=0,d=0,null
j=0,s=0,d=1,233404270000000000
j=0,s=1,d=0,104000000000
j=0,s=1,d=1,null

t=50  
j=0,s=0,d=0,null
j=0,s=0,d=1,234949570000000000
j=0,s=1,d=0,104000000000
j=0,s=1,d=1,null

t=51  
j=0,s=0,d=0,null
j=0,s=0,d=1,236637070000000000
j=0,s=1,d=0,104000000000
j=0,s=1,d=1,null

t=52  
j=0,s=0,d=0,null
j=0,s=0,d=1,237694570000000000
j=0,s=1,d=0,104000000000
j=0,s=1,d=1,null

t=53  
j=0,s=0,d=0,null
j=0,s=0,d=1,238654570000000000
j=0,s=1,d=0,104000000000
j=0,s=1,d=1,null

t=54  
j=0,s=0,d=0,null
j=0,s=0,d=1,239563570000000000
j=0,s=1,d=0,104000000000
j=0,s=1,d=1,null

t=55  
j=0,s=0,d=0,null
j=0,s=0,d=1,240397270000000000
j=0,s=1,d=0,104000000000
j=0,s=1,d=1,null

t=56  
j=0,s=0,d=0,null
j=0,s=0,d=1,240978070000000000
j=0,s=1,d=0,104000000000
j=0,s=1,d=1,null

t=57  
j=0,s=0,d=0,null
j=0,s=0,d=1,241491370000000000
j=0,s=1,d=0,104000000000
j=0,s=1,d=1,null

t=58  
j=0,s=0,d=0,null
j=0,s=0,d=1,241892170000000000
j=0,s=1,d=0,104000000000
j=0,s=1,d=1,null

t=59  
j=0,s=0,d=0,null
j=0,s=0,d=1,242221570000000000
j=0,s=1,d=0,104000000000
j=0,s=1,d=1,null

datacenter_AZ_SUS,datacenter_AZ_SUS,30

t=0  
j=0,s=0,d=0,null
j=0,s=0,d=1,33670000000000
j=0,s=1,d=0,104000000000
j=0,s=1,d=1,null

t=1  
j=0,s=0,d=0,null
j=0,s=0,d=1,499870000000000
j=0,s=1,d=0,104000000000
j=0,s=1,d=1,null

t=2  
j=0,s=0,d=0,null
j=0,s=0,d=1,1059370000000000
j=0,s=1,d=0,104000000000
j=0,s=1,d=1,null

t=3  
j=0,s=0,d=0,null
j=0,s=0,d=1,1644670000000000
j=0,s=1,d=0,104000000000
j=0,s=1,d=1,null

t=4  
j=0,s=0,d=0,null
j=0,s=0,d=1,2355970000000000
j=0,s=1,d=0,104000000000
j=0,s=1,d=1,null

t=5  
j=0,s=0,d=0,null
j=0,s=0,d=1,3324070000000000
j=0,s=1,d=0,104000000000
j=0,s=1,d=1,null

t=6  
j=0,s=0,d=0,null
j=0,s=0,d=1,4491070000000000
j=0,s=1,d=0,104000000000
j=0,s=1,d=1,null

t=7  
j=0,s=0,d=0,null
j=0,s=0,d=1,5892370000000000
j=0,s=1,d=0,104000000000
j=0,s=1,d=1,null

t=8  
j=0,s=0,d=0,null
j=0,s=0,d=1,7571770000000000
j=0,s=1,d=0,104000000000
j=0,s=1,d=1,null

t=9  
j=0,s=0,d=0,null
j=0,s=0,d=1,9909070000000000
j=0,s=1,d=0,104000000000
j=0,s=1,d=1,null

t=10  
j=0,s=0,d=0,null
j=0,s=0,d=1,12164470000000000
j=0,s=1,d=0,104000000000
j=0,s=1,d=1,null

t=11  
j=0,s=0,d=0,null
j=0,s=0,d=1,15114070000000000
j=0,s=1,d=0,104000000000
j=0,s=1,d=1,null

t=12  
j=0,s=0,d=0,null
j=0,s=0,d=1,18329770000000000
j=0,s=1,d=0,104000000000
j=0,s=1,d=1,null

t=13  
j=0,s=0,d=0,null
j=0,s=0,d=1,21993970000000000
j=0,s=1,d=0,104000000000
j=0,s=1,d=1,null

t=14  
j=0,s=0,d=0,null
j=0,s=0,d=1,26055070000000000
j=0,s=1,d=0,104000000000
j=0,s=1,d=1,null

t=15  
j=0,s=0,d=0,null
j=0,s=0,d=1,30460270000000000
j=0,s=1,d=0,104000000000
j=0,s=1,d=1,null

t=16  
j=0,s=0,d=0,null
j=0,s=0,d=1,35453770000000000
j=0,s=1,d=0,104000000000
j=0,s=1,d=1,null

t=17  
j=0,s=0,d=0,null
j=0,s=0,d=1,40081570000000000
j=0,s=1,d=0,104000000000
j=0,s=1,d=1,null

t=18  
j=0,s=0,d=0,null
j=0,s=0,d=1,45799270000000000
j=0,s=1,d=0,104000000000
j=0,s=1,d=1,null

t=19  
j=0,s=0,d=0,null
j=0,s=0,d=1,51051070000000000
j=0,s=1,d=0,104000000000
j=0,s=1,d=1,null

t=20  
j=0,s=0,d=0,null
j=0,s=0,d=1,57154570000000000
j=0,s=1,d=0,104000000000
j=0,s=1,d=1,null

t=21  
j=0,s=0,d=0,null
j=0,s=0,d=1,63105970000000000
j=0,s=1,d=0,104000000000
j=0,s=1,d=1,null

t=22  
j=0,s=0,d=0,null
j=0,s=0,d=1,69208270000000000
j=0,s=1,d=0,104000000000
j=0,s=1,d=1,null

t=23  
j=0,s=0,d=0,null
j=0,s=0,d=1,76319170000000000
j=0,s=1,d=0,104000000000
j=0,s=1,d=1,null

t=24  
j=0,s=0,d=0,null
j=0,s=0,d=1,83783770000000000
j=0,s=1,d=0,104000000000
j=0,s=1,d=1,null

t=25  
j=0,s=0,d=0,null
j=0,s=0,d=1,91724170000000000
j=0,s=1,d=0,104000000000
j=0,s=1,d=1,null

t=26  
j=0,s=0,d=0,null
j=0,s=0,d=1,100423870000000000
j=0,s=1,d=0,104000000000
j=0,s=1,d=1,null

t=27  
j=0,s=0,d=0,null
j=0,s=0,d=1,109059370000000000
j=0,s=1,d=0,104000000000
j=0,s=1,d=1,null

t=28  
j=0,s=0,d=0,null
j=0,s=0,d=1,117418870000000000
j=0,s=1,d=0,104000000000
j=0,s=1,d=1,null

t=29  
j=0,s=0,d=0,null
j=0,s=0,d=1,126061270000000000
j=0,s=1,d=0,104000000000
j=0,s=1,d=1,null

t=30  
j=0,s=0,d=0,null
j=0,s=0,d=1,134507170000000000
j=0,s=1,d=0,104000000000
j=0,s=1,d=1,null

t=31  
j=0,s=0,d=0,null
j=0,s=0,d=1,142138870000000000
j=0,s=1,d=0,104000000000
j=0,s=1,d=1,null

t=32  
j=0,s=0,d=0,null
j=0,s=0,d=1,150006970000000000
j=0,s=1,d=0,104000000000
j=0,s=1,d=1,null

t=33  
j=0,s=0,d=0,null
j=0,s=0,d=1,157333270000000000
j=0,s=1,d=0,104000000000
j=0,s=1,d=1,null

t=34  
j=0,s=0,d=0,null
j=0,s=0,d=1,164558770000000000
j=0,s=1,d=0,104000000000
j=0,s=1,d=1,null

t=35  
j=0,s=0,d=0,null
j=0,s=0,d=1,171872770000000000
j=0,s=1,d=0,104000000000
j=0,s=1,d=1,null

t=36  
j=0,s=0,d=0,null
j=0,s=0,d=1,179019070000000000
j=0,s=1,d=0,104000000000
j=0,s=1,d=1,null

t=37  
j=0,s=0,d=0,null
j=0,s=0,d=1,184972570000000000
j=0,s=1,d=0,104000000000
j=0,s=1,d=1,null

t=38  
j=0,s=0,d=0,null
j=0,s=0,d=1,190795870000000000
j=0,s=1,d=0,104000000000
j=0,s=1,d=1,null

t=39  
j=0,s=0,d=0,null
j=0,s=0,d=1,195912970000000000
j=0,s=1,d=0,104000000000
j=0,s=1,d=1,null

t=40  
j=0,s=0,d=0,null
j=0,s=0,d=1,200700370000000000
j=0,s=1,d=0,104000000000
j=0,s=1,d=1,null

t=41  
j=0,s=0,d=0,null
j=0,s=0,d=1,205273870000000000
j=0,s=1,d=0,104000000000
j=0,s=1,d=1,null

t=42  
j=0,s=0,d=0,null
j=0,s=0,d=1,209531770000000000
j=0,s=1,d=0,104000000000
j=0,s=1,d=1,null

t=43  
j=0,s=0,d=0,null
j=0,s=0,d=1,214524670000000000
j=0,s=1,d=0,104000000000
j=0,s=1,d=1,null

t=44  
j=0,s=0,d=0,null
j=0,s=0,d=1,218339770000000000
j=0,s=1,d=0,104000000000
j=0,s=1,d=1,null

t=45  
j=0,s=0,d=0,null
j=0,s=0,d=1,222164170000000000
j=0,s=1,d=0,104000000000
j=0,s=1,d=1,null

t=46  
j=0,s=0,d=0,null
j=0,s=0,d=1,225509770000000000
j=0,s=1,d=0,104000000000
j=0,s=1,d=1,null

t=47  
j=0,s=0,d=0,null
j=0,s=0,d=1,228730570000000000
j=0,s=1,d=0,104000000000
j=0,s=1,d=1,null

t=48  
j=0,s=0,d=0,null
j=0,s=0,d=1,231318670000000000
j=0,s=1,d=0,104000000000
j=0,s=1,d=1,null

t=49  
j=0,s=0,d=0,null
j=0,s=0,d=1,233404270000000000
j=0,s=1,d=0,104000000000
j=0,s=1,d=1,null

t=50  
j=0,s=0,d=0,null
j=0,s=0,d=1,234949570000000000
j=0,s=1,d=0,104000000000
j=0,s=1,d=1,null

t=51  
j=0,s=0,d=0,null
j=0,s=0,d=1,236637070000000000
j=0,s=1,d=0,104000000000
j=0,s=1,d=1,null

t=52  
j=0,s=0,d=0,null
j=0,s=0,d=1,237694570000000000
j=0,s=1,d=0,104000000000
j=0,s=1,d=1,null

t=53  
j=0,s=0,d=0,null
j=0,s=0,d=1,238654570000000000
j=0,s=1,d=0,104000000000
j=0,s=1,d=1,null

t=54  
j=0,s=0,d=0,null
j=0,s=0,d=1,239563570000000000
j=0,s=1,d=0,104000000000
j=0,s=1,d=1,null

t=55  
j=0,s=0,d=0,null
j=0,s=0,d=1,240397270000000000
j=0,s=1,d=0,104000000000
j=0,s=1,d=1,null

t=56  
j=0,s=0,d=0,null
j=0,s=0,d=1,240978070000000000
j=0,s=1,d=0,104000000000
j=0,s=1,d=1,null

t=57  
j=0,s=0,d=0,null
j=0,s=0,d=1,241491370000000000
j=0,s=1,d=0,104000000000
j=0,s=1,d=1,null

t=58  
j=0,s=0,d=0,null
j=0,s=0,d=1,241892170000000000
j=0,s=1,d=0,104000000000
j=0,s=1,d=1,null

t=59  
j=0,s=0,d=0,null
j=0,s=0,d=1,242221570000000000
j=0,s=1,d=0,104000000000
j=0,s=1,d=1,null

